Point,Test,Output,Nominal,Spec,Weight,Pass/Fail
"Parameters: V_FBBN=0, V_FBBP=0",,,,,,
1,SIMS_NCL_SYS_06_sim,V_SUPPLY,,,,
1,SIMS_NCL_SYS_06_sim,V_FBBP,,,,
1,SIMS_NCL_SYS_06_sim,V_FBBN,,,,
1,SIMS_NCL_SYS_06_sim,A<15:0>,,,,
1,SIMS_NCL_SYS_06_sim,B<15:0>,,,,
1,SIMS_NCL_SYS_06_sim,CI<1:0>,,,,
1,SIMS_NCL_SYS_06_sim,SUM<15:0>,,,,
1,SIMS_NCL_SYS_06_sim,CO<1:0>,,,,
1,SIMS_NCL_SYS_06_sim,Reg_O_ko,,,,
1,SIMS_NCL_SYS_06_sim,Reg_I_ko,,,,
1,SIMS_NCL_SYS_06_sim,Areg,,,,
1,SIMS_NCL_SYS_06_sim,Breg,,,,
1,SIMS_NCL_SYS_06_sim,Cireg,,,,
1,SIMS_NCL_SYS_06_sim,VDD_90pc,405e-3,,,
1,SIMS_NCL_SYS_06_sim,VDD_10pc,45e-3,,,
1,SIMS_NCL_SYS_06_sim,VNEG_90pc,-405e-3,,,
1,SIMS_NCL_SYS_06_sim,VNEG_10pc,-45e-3,,,
1,SIMS_NCL_SYS_06_sim,A1_2_SUM14_delay_R,13.94e-9,,,
1,SIMS_NCL_SYS_06_sim,A1_2_SUM14_delay_F,23.19e-9,,,
1,SIMS_NCL_SYS_06_sim,A1_2_SUM14_delay_SUM,37.13e-9,,,
1,SIMS_NCL_SYS_06_sim,A1_2_A1reg_delay_R,290.3e-12,,,
1,SIMS_NCL_SYS_06_sim,A1_2_A1reg_delay_F,255.4e-12,,,
1,SIMS_NCL_SYS_06_sim,avg_p_ALL,1.379e-6,,,
1,SIMS_NCL_SYS_06_sim,avg_p_DUT_1_1,67.28e-9,,,
1,SIMS_NCL_SYS_06_sim,avg_p_DUT_2_1,67.9e-9,,,
1,SIMS_NCL_SYS_06_sim,avg_p_DUT_3_1,68.35e-9,,,
1,SIMS_NCL_SYS_06_sim,avg_p_reg_in,104e-9,,,
1,SIMS_NCL_SYS_06_sim,avg_p_reg_o,57.3e-9,,,
"Parameters: V_FBBN=0, V_FBBP=-450m",,,,,,
2,SIMS_NCL_SYS_06_sim,V_SUPPLY,,,,
2,SIMS_NCL_SYS_06_sim,V_FBBP,,,,
2,SIMS_NCL_SYS_06_sim,V_FBBN,,,,
2,SIMS_NCL_SYS_06_sim,A<15:0>,,,,
2,SIMS_NCL_SYS_06_sim,B<15:0>,,,,
2,SIMS_NCL_SYS_06_sim,CI<1:0>,,,,
2,SIMS_NCL_SYS_06_sim,SUM<15:0>,,,,
2,SIMS_NCL_SYS_06_sim,CO<1:0>,,,,
2,SIMS_NCL_SYS_06_sim,Reg_O_ko,,,,
2,SIMS_NCL_SYS_06_sim,Reg_I_ko,,,,
2,SIMS_NCL_SYS_06_sim,Areg,,,,
2,SIMS_NCL_SYS_06_sim,Breg,,,,
2,SIMS_NCL_SYS_06_sim,Cireg,,,,
2,SIMS_NCL_SYS_06_sim,VDD_90pc,405e-3,,,
2,SIMS_NCL_SYS_06_sim,VDD_10pc,45e-3,,,
2,SIMS_NCL_SYS_06_sim,VNEG_90pc,-405e-3,,,
2,SIMS_NCL_SYS_06_sim,VNEG_10pc,-45e-3,,,
2,SIMS_NCL_SYS_06_sim,A1_2_SUM14_delay_R,11.82e-9,,,
2,SIMS_NCL_SYS_06_sim,A1_2_SUM14_delay_F,17.06e-9,,,
2,SIMS_NCL_SYS_06_sim,A1_2_SUM14_delay_SUM,28.87e-9,,,
2,SIMS_NCL_SYS_06_sim,A1_2_A1reg_delay_R,293.2e-12,,,
2,SIMS_NCL_SYS_06_sim,A1_2_A1reg_delay_F,256.7e-12,,,
2,SIMS_NCL_SYS_06_sim,avg_p_ALL,1.861e-6,,,
2,SIMS_NCL_SYS_06_sim,avg_p_DUT_1_1,94.08e-9,,,
2,SIMS_NCL_SYS_06_sim,avg_p_DUT_2_1,94.71e-9,,,
2,SIMS_NCL_SYS_06_sim,avg_p_DUT_3_1,95.1e-9,,,
2,SIMS_NCL_SYS_06_sim,avg_p_reg_in,104.7e-9,,,
2,SIMS_NCL_SYS_06_sim,avg_p_reg_o,57.42e-9,,,
"Parameters: V_FBBN=450m, V_FBBP=0",,,,,,
3,SIMS_NCL_SYS_06_sim,V_SUPPLY,,,,
3,SIMS_NCL_SYS_06_sim,V_FBBP,,,,
3,SIMS_NCL_SYS_06_sim,V_FBBN,,,,
3,SIMS_NCL_SYS_06_sim,A<15:0>,,,,
3,SIMS_NCL_SYS_06_sim,B<15:0>,,,,
3,SIMS_NCL_SYS_06_sim,CI<1:0>,,,,
3,SIMS_NCL_SYS_06_sim,SUM<15:0>,,,,
3,SIMS_NCL_SYS_06_sim,CO<1:0>,,,,
3,SIMS_NCL_SYS_06_sim,Reg_O_ko,,,,
3,SIMS_NCL_SYS_06_sim,Reg_I_ko,,,,
3,SIMS_NCL_SYS_06_sim,Areg,,,,
3,SIMS_NCL_SYS_06_sim,Breg,,,,
3,SIMS_NCL_SYS_06_sim,Cireg,,,,
3,SIMS_NCL_SYS_06_sim,VDD_90pc,405e-3,,,
3,SIMS_NCL_SYS_06_sim,VDD_10pc,45e-3,,,
3,SIMS_NCL_SYS_06_sim,VNEG_90pc,-405e-3,,,
3,SIMS_NCL_SYS_06_sim,VNEG_10pc,-45e-3,,,
3,SIMS_NCL_SYS_06_sim,A1_2_SUM14_delay_R,11.65e-9,,,
3,SIMS_NCL_SYS_06_sim,A1_2_SUM14_delay_F,21.25e-9,,,
3,SIMS_NCL_SYS_06_sim,A1_2_SUM14_delay_SUM,32.9e-9,,,
3,SIMS_NCL_SYS_06_sim,A1_2_A1reg_delay_R,293.4e-12,,,
3,SIMS_NCL_SYS_06_sim,A1_2_A1reg_delay_F,255.2e-12,,,
3,SIMS_NCL_SYS_06_sim,avg_p_ALL,2.563e-6,,,
3,SIMS_NCL_SYS_06_sim,avg_p_DUT_1_1,131.4e-9,,,
3,SIMS_NCL_SYS_06_sim,avg_p_DUT_2_1,134e-9,,,
3,SIMS_NCL_SYS_06_sim,avg_p_DUT_3_1,135.2e-9,,,
3,SIMS_NCL_SYS_06_sim,avg_p_reg_in,104.2e-9,,,
3,SIMS_NCL_SYS_06_sim,avg_p_reg_o,57.26e-9,,,
"Parameters: V_FBBN=450m, V_FBBP=-450m",,,,,,
4,SIMS_NCL_SYS_06_sim,V_SUPPLY,,,,
4,SIMS_NCL_SYS_06_sim,V_FBBP,,,,
4,SIMS_NCL_SYS_06_sim,V_FBBN,,,,
4,SIMS_NCL_SYS_06_sim,A<15:0>,,,,
4,SIMS_NCL_SYS_06_sim,B<15:0>,,,,
4,SIMS_NCL_SYS_06_sim,CI<1:0>,,,,
4,SIMS_NCL_SYS_06_sim,SUM<15:0>,,,,
4,SIMS_NCL_SYS_06_sim,CO<1:0>,,,,
4,SIMS_NCL_SYS_06_sim,Reg_O_ko,,,,
4,SIMS_NCL_SYS_06_sim,Reg_I_ko,,,,
4,SIMS_NCL_SYS_06_sim,Areg,,,,
4,SIMS_NCL_SYS_06_sim,Breg,,,,
4,SIMS_NCL_SYS_06_sim,Cireg,,,,
4,SIMS_NCL_SYS_06_sim,VDD_90pc,405e-3,,,
4,SIMS_NCL_SYS_06_sim,VDD_10pc,45e-3,,,
4,SIMS_NCL_SYS_06_sim,VNEG_90pc,-405e-3,,,
4,SIMS_NCL_SYS_06_sim,VNEG_10pc,-45e-3,,,
4,SIMS_NCL_SYS_06_sim,A1_2_SUM14_delay_R,9.675e-9,,,
4,SIMS_NCL_SYS_06_sim,A1_2_SUM14_delay_F,15.49e-9,,,
4,SIMS_NCL_SYS_06_sim,A1_2_SUM14_delay_SUM,25.17e-9,,,
4,SIMS_NCL_SYS_06_sim,A1_2_A1reg_delay_R,296.4e-12,,,
4,SIMS_NCL_SYS_06_sim,A1_2_A1reg_delay_F,256.8e-12,,,
4,SIMS_NCL_SYS_06_sim,avg_p_ALL,4.046e-6,,,
4,SIMS_NCL_SYS_06_sim,avg_p_DUT_1_1,211.4e-9,,,
4,SIMS_NCL_SYS_06_sim,avg_p_DUT_2_1,216.7e-9,,,
4,SIMS_NCL_SYS_06_sim,avg_p_DUT_3_1,218.1e-9,,,
4,SIMS_NCL_SYS_06_sim,avg_p_reg_in,104.9e-9,,,
4,SIMS_NCL_SYS_06_sim,avg_p_reg_o,57.4e-9,,,

